9
9IlM08;;Smith,John;1987 Peppermint Ln,Naples,FL,32145,USA;jsmith1@gmail.com
284KN;J,sec214;Adams,Brooke;2374 S 183rd Cr,Omaha,NE,68130,USA;badams@coolsite.org
A7K0S;;Brookhouser,Tara;8101 SW 24th St,Lincoln,NE,68523,USA;tbrookie@hotmail.com
13KMY;;Witzenburg,Maggie;526 S 51st Ave,Omaha,NE,68106,USA;magwitz@aol.com
52KLM;;Sutcliffe,Rachel;9620 W 98th St,Overland Park,KS,66212,USA;rsutcliffe@msn.com
IL0DS;;Arlings,Timothy;836 California St,Tallahassee,FL,32917,USA;;
35R78;;Wookie,Jennelle;2400 N 35th Ave,Portland,OR,83412,USA;jw@portland.org,jennellewookie@gmail.com
54BYYV;;Clarkson,Allison;674 Narwhal Cr,Seattle,WA,62817,USA;;
F57U3;;Johnson,Peter;921 S 74th Rd,Fargo,ND,42639,USA;pjohnson@aol.com,pj@tacosfordays.net